img_path,seg_path,img_p1,img_p99
BraTS2020_TrainingData/MICCAI_BraTS2020_TrainingData/BraTS20_Training_350/BraTS20_Training_350_t2.nii,BraTS2020_TrainingData/MICCAI_BraTS2020_TrainingData/BraTS20_Training_350/BraTS20_Training_350_seg.nii,0.0,3055.0
BraTS2020_TrainingData/MICCAI_BraTS2020_TrainingData/BraTS20_Training_308/BraTS20_Training_308_t2.nii,BraTS2020_TrainingData/MICCAI_BraTS2020_TrainingData/BraTS20_Training_308/BraTS20_Training_308_seg.nii,0.0,1955.0
BraTS2020_TrainingData/MICCAI_BraTS2020_TrainingData/BraTS20_Training_076/BraTS20_Training_076_t2.nii,BraTS2020_TrainingData/MICCAI_BraTS2020_TrainingData/BraTS20_Training_076/BraTS20_Training_076_seg.nii,0.0,244.0
BraTS2020_TrainingData/MICCAI_BraTS2020_TrainingData/BraTS20_Training_085/BraTS20_Training_085_t2.nii,BraTS2020_TrainingData/MICCAI_BraTS2020_TrainingData/BraTS20_Training_085/BraTS20_Training_085_seg.nii,0.0,1044.0
BraTS2020_TrainingData/MICCAI_BraTS2020_TrainingData/BraTS20_Training_358/BraTS20_Training_358_t2.nii,BraTS2020_TrainingData/MICCAI_BraTS2020_TrainingData/BraTS20_Training_358/BraTS20_Training_358_seg.nii,0.0,3258.0
BraTS2020_TrainingData/MICCAI_BraTS2020_TrainingData/BraTS20_Training_017/BraTS20_Training_017_t2.nii,BraTS2020_TrainingData/MICCAI_BraTS2020_TrainingData/BraTS20_Training_017/BraTS20_Training_017_seg.nii,0.0,264.0
BraTS2020_TrainingData/MICCAI_BraTS2020_TrainingData/BraTS20_Training_067/BraTS20_Training_067_t2.nii,BraTS2020_TrainingData/MICCAI_BraTS2020_TrainingData/BraTS20_Training_067/BraTS20_Training_067_seg.nii,0.0,257.0
BraTS2020_TrainingData/MICCAI_BraTS2020_TrainingData/BraTS20_Training_325/BraTS20_Training_325_t2.nii,BraTS2020_TrainingData/MICCAI_BraTS2020_TrainingData/BraTS20_Training_325/BraTS20_Training_325_seg.nii,0.0,731.0
BraTS2020_TrainingData/MICCAI_BraTS2020_TrainingData/BraTS20_Training_008/BraTS20_Training_008_t2.nii,BraTS2020_TrainingData/MICCAI_BraTS2020_TrainingData/BraTS20_Training_008/BraTS20_Training_008_seg.nii,0.0,279.0
BraTS2020_TrainingData/MICCAI_BraTS2020_TrainingData/BraTS20_Training_114/BraTS20_Training_114_t2.nii,BraTS2020_TrainingData/MICCAI_BraTS2020_TrainingData/BraTS20_Training_114/BraTS20_Training_114_seg.nii,0.0,1398.0
BraTS2020_TrainingData/MICCAI_BraTS2020_TrainingData/BraTS20_Training_117/BraTS20_Training_117_t2.nii,BraTS2020_TrainingData/MICCAI_BraTS2020_TrainingData/BraTS20_Training_117/BraTS20_Training_117_seg.nii,0.0,1320.0
BraTS2020_TrainingData/MICCAI_BraTS2020_TrainingData/BraTS20_Training_327/BraTS20_Training_327_t2.nii,BraTS2020_TrainingData/MICCAI_BraTS2020_TrainingData/BraTS20_Training_327/BraTS20_Training_327_seg.nii,0.0,877.0
BraTS2020_TrainingData/MICCAI_BraTS2020_TrainingData/BraTS20_Training_322/BraTS20_Training_322_t2.nii,BraTS2020_TrainingData/MICCAI_BraTS2020_TrainingData/BraTS20_Training_322/BraTS20_Training_322_seg.nii,0.0,753.0
BraTS2020_TrainingData/MICCAI_BraTS2020_TrainingData/BraTS20_Training_219/BraTS20_Training_219_t2.nii,BraTS2020_TrainingData/MICCAI_BraTS2020_TrainingData/BraTS20_Training_219/BraTS20_Training_219_seg.nii,0.0,249.0
BraTS2020_TrainingData/MICCAI_BraTS2020_TrainingData/BraTS20_Training_279/BraTS20_Training_279_t2.nii,BraTS2020_TrainingData/MICCAI_BraTS2020_TrainingData/BraTS20_Training_279/BraTS20_Training_279_seg.nii,0.0,1620.0
BraTS2020_TrainingData/MICCAI_BraTS2020_TrainingData/BraTS20_Training_111/BraTS20_Training_111_t2.nii,BraTS2020_TrainingData/MICCAI_BraTS2020_TrainingData/BraTS20_Training_111/BraTS20_Training_111_seg.nii,0.0,981.0
BraTS2020_TrainingData/MICCAI_BraTS2020_TrainingData/BraTS20_Training_276/BraTS20_Training_276_t2.nii,BraTS2020_TrainingData/MICCAI_BraTS2020_TrainingData/BraTS20_Training_276/BraTS20_Training_276_seg.nii,0.0,1118.0
BraTS2020_TrainingData/MICCAI_BraTS2020_TrainingData/BraTS20_Training_061/BraTS20_Training_061_t2.nii,BraTS2020_TrainingData/MICCAI_BraTS2020_TrainingData/BraTS20_Training_061/BraTS20_Training_061_seg.nii,0.0,304.0
BraTS2020_TrainingData/MICCAI_BraTS2020_TrainingData/BraTS20_Training_288/BraTS20_Training_288_t2.nii,BraTS2020_TrainingData/MICCAI_BraTS2020_TrainingData/BraTS20_Training_288/BraTS20_Training_288_seg.nii,0.0,1022.0
BraTS2020_TrainingData/MICCAI_BraTS2020_TrainingData/BraTS20_Training_317/BraTS20_Training_317_t2.nii,BraTS2020_TrainingData/MICCAI_BraTS2020_TrainingData/BraTS20_Training_317/BraTS20_Training_317_seg.nii,0.0,959.0
BraTS2020_TrainingData/MICCAI_BraTS2020_TrainingData/BraTS20_Training_133/BraTS20_Training_133_t2.nii,BraTS2020_TrainingData/MICCAI_BraTS2020_TrainingData/BraTS20_Training_133/BraTS20_Training_133_seg.nii,0.0,989.0
BraTS2020_TrainingData/MICCAI_BraTS2020_TrainingData/BraTS20_Training_224/BraTS20_Training_224_t2.nii,BraTS2020_TrainingData/MICCAI_BraTS2020_TrainingData/BraTS20_Training_224/BraTS20_Training_224_seg.nii,0.0,598.0
BraTS2020_TrainingData/MICCAI_BraTS2020_TrainingData/BraTS20_Training_141/BraTS20_Training_141_t2.nii,BraTS2020_TrainingData/MICCAI_BraTS2020_TrainingData/BraTS20_Training_141/BraTS20_Training_141_seg.nii,0.0,803.0
BraTS2020_TrainingData/MICCAI_BraTS2020_TrainingData/BraTS20_Training_018/BraTS20_Training_018_t2.nii,BraTS2020_TrainingData/MICCAI_BraTS2020_TrainingData/BraTS20_Training_018/BraTS20_Training_018_seg.nii,0.0,258.0
BraTS2020_TrainingData/MICCAI_BraTS2020_TrainingData/BraTS20_Training_353/BraTS20_Training_353_t2.nii,BraTS2020_TrainingData/MICCAI_BraTS2020_TrainingData/BraTS20_Training_353/BraTS20_Training_353_seg.nii,0.0,3297.0
BraTS2020_TrainingData/MICCAI_BraTS2020_TrainingData/BraTS20_Training_025/BraTS20_Training_025_t2.nii,BraTS2020_TrainingData/MICCAI_BraTS2020_TrainingData/BraTS20_Training_025/BraTS20_Training_025_seg.nii,0.0,780.0
BraTS2020_TrainingData/MICCAI_BraTS2020_TrainingData/BraTS20_Training_200/BraTS20_Training_200_t2.nii,BraTS2020_TrainingData/MICCAI_BraTS2020_TrainingData/BraTS20_Training_200/BraTS20_Training_200_seg.nii,0.0,458.0
BraTS2020_TrainingData/MICCAI_BraTS2020_TrainingData/BraTS20_Training_324/BraTS20_Training_324_t2.nii,BraTS2020_TrainingData/MICCAI_BraTS2020_TrainingData/BraTS20_Training_324/BraTS20_Training_324_seg.nii,0.0,1990.0
BraTS2020_TrainingData/MICCAI_BraTS2020_TrainingData/BraTS20_Training_361/BraTS20_Training_361_t2.nii,BraTS2020_TrainingData/MICCAI_BraTS2020_TrainingData/BraTS20_Training_361/BraTS20_Training_361_seg.nii,0.0,3447.0
BraTS2020_TrainingData/MICCAI_BraTS2020_TrainingData/BraTS20_Training_359/BraTS20_Training_359_t2.nii,BraTS2020_TrainingData/MICCAI_BraTS2020_TrainingData/BraTS20_Training_359/BraTS20_Training_359_seg.nii,0.0,2204.0
BraTS2020_TrainingData/MICCAI_BraTS2020_TrainingData/BraTS20_Training_140/BraTS20_Training_140_t2.nii,BraTS2020_TrainingData/MICCAI_BraTS2020_TrainingData/BraTS20_Training_140/BraTS20_Training_140_seg.nii,0.0,690.0
BraTS2020_TrainingData/MICCAI_BraTS2020_TrainingData/BraTS20_Training_164/BraTS20_Training_164_t2.nii,BraTS2020_TrainingData/MICCAI_BraTS2020_TrainingData/BraTS20_Training_164/BraTS20_Training_164_seg.nii,0.0,496.0
BraTS2020_TrainingData/MICCAI_BraTS2020_TrainingData/BraTS20_Training_235/BraTS20_Training_235_t2.nii,BraTS2020_TrainingData/MICCAI_BraTS2020_TrainingData/BraTS20_Training_235/BraTS20_Training_235_seg.nii,0.0,1879.0
BraTS2020_TrainingData/MICCAI_BraTS2020_TrainingData/BraTS20_Training_365/BraTS20_Training_365_t2.nii,BraTS2020_TrainingData/MICCAI_BraTS2020_TrainingData/BraTS20_Training_365/BraTS20_Training_365_seg.nii,0.0,1552.9964624023437
BraTS2020_TrainingData/MICCAI_BraTS2020_TrainingData/BraTS20_Training_211/BraTS20_Training_211_t2.nii,BraTS2020_TrainingData/MICCAI_BraTS2020_TrainingData/BraTS20_Training_211/BraTS20_Training_211_seg.nii,0.0,1214.0
BraTS2020_TrainingData/MICCAI_BraTS2020_TrainingData/BraTS20_Training_263/BraTS20_Training_263_t2.nii,BraTS2020_TrainingData/MICCAI_BraTS2020_TrainingData/BraTS20_Training_263/BraTS20_Training_263_seg.nii,0.0,848.0
BraTS2020_TrainingData/MICCAI_BraTS2020_TrainingData/BraTS20_Training_302/BraTS20_Training_302_t2.nii,BraTS2020_TrainingData/MICCAI_BraTS2020_TrainingData/BraTS20_Training_302/BraTS20_Training_302_seg.nii,0.0,1062.0
BraTS2020_TrainingData/MICCAI_BraTS2020_TrainingData/BraTS20_Training_193/BraTS20_Training_193_t2.nii,BraTS2020_TrainingData/MICCAI_BraTS2020_TrainingData/BraTS20_Training_193/BraTS20_Training_193_seg.nii,0.0,559.0
BraTS2020_TrainingData/MICCAI_BraTS2020_TrainingData/BraTS20_Training_159/BraTS20_Training_159_t2.nii,BraTS2020_TrainingData/MICCAI_BraTS2020_TrainingData/BraTS20_Training_159/BraTS20_Training_159_seg.nii,0.0,529.0
BraTS2020_TrainingData/MICCAI_BraTS2020_TrainingData/BraTS20_Training_020/BraTS20_Training_020_t2.nii,BraTS2020_TrainingData/MICCAI_BraTS2020_TrainingData/BraTS20_Training_020/BraTS20_Training_020_seg.nii,0.0,274.0
BraTS2020_TrainingData/MICCAI_BraTS2020_TrainingData/BraTS20_Training_149/BraTS20_Training_149_t2.nii,BraTS2020_TrainingData/MICCAI_BraTS2020_TrainingData/BraTS20_Training_149/BraTS20_Training_149_seg.nii,0.0,698.0
BraTS2020_TrainingData/MICCAI_BraTS2020_TrainingData/BraTS20_Training_080/BraTS20_Training_080_t2.nii,BraTS2020_TrainingData/MICCAI_BraTS2020_TrainingData/BraTS20_Training_080/BraTS20_Training_080_seg.nii,0.0,172.0
BraTS2020_TrainingData/MICCAI_BraTS2020_TrainingData/BraTS20_Training_234/BraTS20_Training_234_t2.nii,BraTS2020_TrainingData/MICCAI_BraTS2020_TrainingData/BraTS20_Training_234/BraTS20_Training_234_seg.nii,0.0,1021.0
BraTS2020_TrainingData/MICCAI_BraTS2020_TrainingData/BraTS20_Training_019/BraTS20_Training_019_t2.nii,BraTS2020_TrainingData/MICCAI_BraTS2020_TrainingData/BraTS20_Training_019/BraTS20_Training_019_seg.nii,0.0,255.0
BraTS2020_TrainingData/MICCAI_BraTS2020_TrainingData/BraTS20_Training_283/BraTS20_Training_283_t2.nii,BraTS2020_TrainingData/MICCAI_BraTS2020_TrainingData/BraTS20_Training_283/BraTS20_Training_283_seg.nii,0.0,541.0
BraTS2020_TrainingData/MICCAI_BraTS2020_TrainingData/BraTS20_Training_105/BraTS20_Training_105_t2.nii,BraTS2020_TrainingData/MICCAI_BraTS2020_TrainingData/BraTS20_Training_105/BraTS20_Training_105_seg.nii,0.0,1190.0
BraTS2020_TrainingData/MICCAI_BraTS2020_TrainingData/BraTS20_Training_285/BraTS20_Training_285_t2.nii,BraTS2020_TrainingData/MICCAI_BraTS2020_TrainingData/BraTS20_Training_285/BraTS20_Training_285_seg.nii,0.0,505.0
BraTS2020_TrainingData/MICCAI_BraTS2020_TrainingData/BraTS20_Training_119/BraTS20_Training_119_t2.nii,BraTS2020_TrainingData/MICCAI_BraTS2020_TrainingData/BraTS20_Training_119/BraTS20_Training_119_seg.nii,0.0,662.0
BraTS2020_TrainingData/MICCAI_BraTS2020_TrainingData/BraTS20_Training_032/BraTS20_Training_032_t2.nii,BraTS2020_TrainingData/MICCAI_BraTS2020_TrainingData/BraTS20_Training_032/BraTS20_Training_032_seg.nii,0.0,197.0
BraTS2020_TrainingData/MICCAI_BraTS2020_TrainingData/BraTS20_Training_037/BraTS20_Training_037_t2.nii,BraTS2020_TrainingData/MICCAI_BraTS2020_TrainingData/BraTS20_Training_037/BraTS20_Training_037_seg.nii,0.0,828.0
BraTS2020_TrainingData/MICCAI_BraTS2020_TrainingData/BraTS20_Training_158/BraTS20_Training_158_t2.nii,BraTS2020_TrainingData/MICCAI_BraTS2020_TrainingData/BraTS20_Training_158/BraTS20_Training_158_seg.nii,0.0,472.0
BraTS2020_TrainingData/MICCAI_BraTS2020_TrainingData/BraTS20_Training_183/BraTS20_Training_183_t2.nii,BraTS2020_TrainingData/MICCAI_BraTS2020_TrainingData/BraTS20_Training_183/BraTS20_Training_183_seg.nii,0.0,506.0
BraTS2020_TrainingData/MICCAI_BraTS2020_TrainingData/BraTS20_Training_168/BraTS20_Training_168_t2.nii,BraTS2020_TrainingData/MICCAI_BraTS2020_TrainingData/BraTS20_Training_168/BraTS20_Training_168_seg.nii,0.0,1444.0
BraTS2020_TrainingData/MICCAI_BraTS2020_TrainingData/BraTS20_Training_303/BraTS20_Training_303_t2.nii,BraTS2020_TrainingData/MICCAI_BraTS2020_TrainingData/BraTS20_Training_303/BraTS20_Training_303_seg.nii,0.0,1115.0
BraTS2020_TrainingData/MICCAI_BraTS2020_TrainingData/BraTS20_Training_199/BraTS20_Training_199_t2.nii,BraTS2020_TrainingData/MICCAI_BraTS2020_TrainingData/BraTS20_Training_199/BraTS20_Training_199_seg.nii,0.0,610.0
BraTS2020_TrainingData/MICCAI_BraTS2020_TrainingData/BraTS20_Training_174/BraTS20_Training_174_t2.nii,BraTS2020_TrainingData/MICCAI_BraTS2020_TrainingData/BraTS20_Training_174/BraTS20_Training_174_seg.nii,0.0,460.0
BraTS2020_TrainingData/MICCAI_BraTS2020_TrainingData/BraTS20_Training_335/BraTS20_Training_335_t2.nii,BraTS2020_TrainingData/MICCAI_BraTS2020_TrainingData/BraTS20_Training_335/BraTS20_Training_335_seg.nii,0.0,1323.0
BraTS2020_TrainingData/MICCAI_BraTS2020_TrainingData/BraTS20_Training_060/BraTS20_Training_060_t2.nii,BraTS2020_TrainingData/MICCAI_BraTS2020_TrainingData/BraTS20_Training_060/BraTS20_Training_060_seg.nii,0.0,901.0
BraTS2020_TrainingData/MICCAI_BraTS2020_TrainingData/BraTS20_Training_112/BraTS20_Training_112_t2.nii,BraTS2020_TrainingData/MICCAI_BraTS2020_TrainingData/BraTS20_Training_112/BraTS20_Training_112_seg.nii,0.0,1196.0
BraTS2020_TrainingData/MICCAI_BraTS2020_TrainingData/BraTS20_Training_146/BraTS20_Training_146_t2.nii,BraTS2020_TrainingData/MICCAI_BraTS2020_TrainingData/BraTS20_Training_146/BraTS20_Training_146_seg.nii,0.0,801.0
BraTS2020_TrainingData/MICCAI_BraTS2020_TrainingData/BraTS20_Training_007/BraTS20_Training_007_t2.nii,BraTS2020_TrainingData/MICCAI_BraTS2020_TrainingData/BraTS20_Training_007/BraTS20_Training_007_seg.nii,0.0,254.0
BraTS2020_TrainingData/MICCAI_BraTS2020_TrainingData/BraTS20_Training_267/BraTS20_Training_267_t2.nii,BraTS2020_TrainingData/MICCAI_BraTS2020_TrainingData/BraTS20_Training_267/BraTS20_Training_267_seg.nii,0.0,962.0
BraTS2020_TrainingData/MICCAI_BraTS2020_TrainingData/BraTS20_Training_249/BraTS20_Training_249_t2.nii,BraTS2020_TrainingData/MICCAI_BraTS2020_TrainingData/BraTS20_Training_249/BraTS20_Training_249_seg.nii,0.0,578.0
BraTS2020_TrainingData/MICCAI_BraTS2020_TrainingData/BraTS20_Training_011/BraTS20_Training_011_t2.nii,BraTS2020_TrainingData/MICCAI_BraTS2020_TrainingData/BraTS20_Training_011/BraTS20_Training_011_seg.nii,0.0,1072.0
BraTS2020_TrainingData/MICCAI_BraTS2020_TrainingData/BraTS20_Training_223/BraTS20_Training_223_t2.nii,BraTS2020_TrainingData/MICCAI_BraTS2020_TrainingData/BraTS20_Training_223/BraTS20_Training_223_seg.nii,0.0,447.0
BraTS2020_TrainingData/MICCAI_BraTS2020_TrainingData/BraTS20_Training_104/BraTS20_Training_104_t2.nii,BraTS2020_TrainingData/MICCAI_BraTS2020_TrainingData/BraTS20_Training_104/BraTS20_Training_104_seg.nii,0.0,1390.0
BraTS2020_TrainingData/MICCAI_BraTS2020_TrainingData/BraTS20_Training_082/BraTS20_Training_082_t2.nii,BraTS2020_TrainingData/MICCAI_BraTS2020_TrainingData/BraTS20_Training_082/BraTS20_Training_082_seg.nii,0.0,233.0
BraTS2020_TrainingData/MICCAI_BraTS2020_TrainingData/BraTS20_Training_182/BraTS20_Training_182_t2.nii,BraTS2020_TrainingData/MICCAI_BraTS2020_TrainingData/BraTS20_Training_182/BraTS20_Training_182_seg.nii,0.0,920.0
BraTS2020_TrainingData/MICCAI_BraTS2020_TrainingData/BraTS20_Training_210/BraTS20_Training_210_t2.nii,BraTS2020_TrainingData/MICCAI_BraTS2020_TrainingData/BraTS20_Training_210/BraTS20_Training_210_seg.nii,0.0,615.0
BraTS2020_TrainingData/MICCAI_BraTS2020_TrainingData/BraTS20_Training_184/BraTS20_Training_184_t2.nii,BraTS2020_TrainingData/MICCAI_BraTS2020_TrainingData/BraTS20_Training_184/BraTS20_Training_184_seg.nii,0.0,1340.0
BraTS2020_TrainingData/MICCAI_BraTS2020_TrainingData/BraTS20_Training_290/BraTS20_Training_290_t2.nii,BraTS2020_TrainingData/MICCAI_BraTS2020_TrainingData/BraTS20_Training_290/BraTS20_Training_290_seg.nii,0.0,555.0
BraTS2020_TrainingData/MICCAI_BraTS2020_TrainingData/BraTS20_Training_250/BraTS20_Training_250_t2.nii,BraTS2020_TrainingData/MICCAI_BraTS2020_TrainingData/BraTS20_Training_250/BraTS20_Training_250_seg.nii,0.0,649.0
BraTS2020_TrainingData/MICCAI_BraTS2020_TrainingData/BraTS20_Training_169/BraTS20_Training_169_t2.nii,BraTS2020_TrainingData/MICCAI_BraTS2020_TrainingData/BraTS20_Training_169/BraTS20_Training_169_seg.nii,0.0,1915.0
BraTS2020_TrainingData/MICCAI_BraTS2020_TrainingData/BraTS20_Training_148/BraTS20_Training_148_t2.nii,BraTS2020_TrainingData/MICCAI_BraTS2020_TrainingData/BraTS20_Training_148/BraTS20_Training_148_seg.nii,0.0,927.0
BraTS2020_TrainingData/MICCAI_BraTS2020_TrainingData/BraTS20_Training_273/BraTS20_Training_273_t2.nii,BraTS2020_TrainingData/MICCAI_BraTS2020_TrainingData/BraTS20_Training_273/BraTS20_Training_273_seg.nii,0.0,446.0
BraTS2020_TrainingData/MICCAI_BraTS2020_TrainingData/BraTS20_Training_093/BraTS20_Training_093_t2.nii,BraTS2020_TrainingData/MICCAI_BraTS2020_TrainingData/BraTS20_Training_093/BraTS20_Training_093_seg.nii,0.0,767.0
BraTS2020_TrainingData/MICCAI_BraTS2020_TrainingData/BraTS20_Training_070/BraTS20_Training_070_t2.nii,BraTS2020_TrainingData/MICCAI_BraTS2020_TrainingData/BraTS20_Training_070/BraTS20_Training_070_seg.nii,0.0,238.0
BraTS2020_TrainingData/MICCAI_BraTS2020_TrainingData/BraTS20_Training_248/BraTS20_Training_248_t2.nii,BraTS2020_TrainingData/MICCAI_BraTS2020_TrainingData/BraTS20_Training_248/BraTS20_Training_248_seg.nii,0.0,1047.0
BraTS2020_TrainingData/MICCAI_BraTS2020_TrainingData/BraTS20_Training_097/BraTS20_Training_097_t2.nii,BraTS2020_TrainingData/MICCAI_BraTS2020_TrainingData/BraTS20_Training_097/BraTS20_Training_097_seg.nii,0.0,1059.0
BraTS2020_TrainingData/MICCAI_BraTS2020_TrainingData/BraTS20_Training_144/BraTS20_Training_144_t2.nii,BraTS2020_TrainingData/MICCAI_BraTS2020_TrainingData/BraTS20_Training_144/BraTS20_Training_144_seg.nii,0.0,1082.0
BraTS2020_TrainingData/MICCAI_BraTS2020_TrainingData/BraTS20_Training_281/BraTS20_Training_281_t2.nii,BraTS2020_TrainingData/MICCAI_BraTS2020_TrainingData/BraTS20_Training_281/BraTS20_Training_281_seg.nii,0.0,856.0
BraTS2020_TrainingData/MICCAI_BraTS2020_TrainingData/BraTS20_Training_098/BraTS20_Training_098_t2.nii,BraTS2020_TrainingData/MICCAI_BraTS2020_TrainingData/BraTS20_Training_098/BraTS20_Training_098_seg.nii,0.0,865.0
BraTS2020_TrainingData/MICCAI_BraTS2020_TrainingData/BraTS20_Training_304/BraTS20_Training_304_t2.nii,BraTS2020_TrainingData/MICCAI_BraTS2020_TrainingData/BraTS20_Training_304/BraTS20_Training_304_seg.nii,0.0,1559.0
BraTS2020_TrainingData/MICCAI_BraTS2020_TrainingData/BraTS20_Training_069/BraTS20_Training_069_t2.nii,BraTS2020_TrainingData/MICCAI_BraTS2020_TrainingData/BraTS20_Training_069/BraTS20_Training_069_seg.nii,0.0,246.0
BraTS2020_TrainingData/MICCAI_BraTS2020_TrainingData/BraTS20_Training_024/BraTS20_Training_024_t2.nii,BraTS2020_TrainingData/MICCAI_BraTS2020_TrainingData/BraTS20_Training_024/BraTS20_Training_024_seg.nii,0.0,1074.0
BraTS2020_TrainingData/MICCAI_BraTS2020_TrainingData/BraTS20_Training_038/BraTS20_Training_038_t2.nii,BraTS2020_TrainingData/MICCAI_BraTS2020_TrainingData/BraTS20_Training_038/BraTS20_Training_038_seg.nii,0.0,1109.0
BraTS2020_TrainingData/MICCAI_BraTS2020_TrainingData/BraTS20_Training_145/BraTS20_Training_145_t2.nii,BraTS2020_TrainingData/MICCAI_BraTS2020_TrainingData/BraTS20_Training_145/BraTS20_Training_145_seg.nii,0.0,707.0
BraTS2020_TrainingData/MICCAI_BraTS2020_TrainingData/BraTS20_Training_123/BraTS20_Training_123_t2.nii,BraTS2020_TrainingData/MICCAI_BraTS2020_TrainingData/BraTS20_Training_123/BraTS20_Training_123_seg.nii,0.0,1173.0
BraTS2020_TrainingData/MICCAI_BraTS2020_TrainingData/BraTS20_Training_068/BraTS20_Training_068_t2.nii,BraTS2020_TrainingData/MICCAI_BraTS2020_TrainingData/BraTS20_Training_068/BraTS20_Training_068_seg.nii,0.0,308.0
BraTS2020_TrainingData/MICCAI_BraTS2020_TrainingData/BraTS20_Training_195/BraTS20_Training_195_t2.nii,BraTS2020_TrainingData/MICCAI_BraTS2020_TrainingData/BraTS20_Training_195/BraTS20_Training_195_seg.nii,0.0,3205.0
BraTS2020_TrainingData/MICCAI_BraTS2020_TrainingData/BraTS20_Training_364/BraTS20_Training_364_t2.nii,BraTS2020_TrainingData/MICCAI_BraTS2020_TrainingData/BraTS20_Training_364/BraTS20_Training_364_seg.nii,0.0,3383.0
BraTS2020_TrainingData/MICCAI_BraTS2020_TrainingData/BraTS20_Training_368/BraTS20_Training_368_t2.nii,BraTS2020_TrainingData/MICCAI_BraTS2020_TrainingData/BraTS20_Training_368/BraTS20_Training_368_seg.nii,0.0,2656.0
BraTS2020_TrainingData/MICCAI_BraTS2020_TrainingData/BraTS20_Training_173/BraTS20_Training_173_t2.nii,BraTS2020_TrainingData/MICCAI_BraTS2020_TrainingData/BraTS20_Training_173/BraTS20_Training_173_seg.nii,0.0,2025.0
BraTS2020_TrainingData/MICCAI_BraTS2020_TrainingData/BraTS20_Training_126/BraTS20_Training_126_t2.nii,BraTS2020_TrainingData/MICCAI_BraTS2020_TrainingData/BraTS20_Training_126/BraTS20_Training_126_seg.nii,0.0,697.0
BraTS2020_TrainingData/MICCAI_BraTS2020_TrainingData/BraTS20_Training_147/BraTS20_Training_147_t2.nii,BraTS2020_TrainingData/MICCAI_BraTS2020_TrainingData/BraTS20_Training_147/BraTS20_Training_147_seg.nii,0.0,867.0
BraTS2020_TrainingData/MICCAI_BraTS2020_TrainingData/BraTS20_Training_291/BraTS20_Training_291_t2.nii,BraTS2020_TrainingData/MICCAI_BraTS2020_TrainingData/BraTS20_Training_291/BraTS20_Training_291_seg.nii,0.0,475.0
BraTS2020_TrainingData/MICCAI_BraTS2020_TrainingData/BraTS20_Training_087/BraTS20_Training_087_t2.nii,BraTS2020_TrainingData/MICCAI_BraTS2020_TrainingData/BraTS20_Training_087/BraTS20_Training_087_seg.nii,0.0,1604.0
BraTS2020_TrainingData/MICCAI_BraTS2020_TrainingData/BraTS20_Training_311/BraTS20_Training_311_t2.nii,BraTS2020_TrainingData/MICCAI_BraTS2020_TrainingData/BraTS20_Training_311/BraTS20_Training_311_seg.nii,0.0,240.0
BraTS2020_TrainingData/MICCAI_BraTS2020_TrainingData/BraTS20_Training_181/BraTS20_Training_181_t2.nii,BraTS2020_TrainingData/MICCAI_BraTS2020_TrainingData/BraTS20_Training_181/BraTS20_Training_181_seg.nii,0.0,1916.0
BraTS2020_TrainingData/MICCAI_BraTS2020_TrainingData/BraTS20_Training_312/BraTS20_Training_312_t2.nii,BraTS2020_TrainingData/MICCAI_BraTS2020_TrainingData/BraTS20_Training_312/BraTS20_Training_312_seg.nii,0.0,714.0
BraTS2020_TrainingData/MICCAI_BraTS2020_TrainingData/BraTS20_Training_177/BraTS20_Training_177_t2.nii,BraTS2020_TrainingData/MICCAI_BraTS2020_TrainingData/BraTS20_Training_177/BraTS20_Training_177_seg.nii,0.0,347.0
BraTS2020_TrainingData/MICCAI_BraTS2020_TrainingData/BraTS20_Training_293/BraTS20_Training_293_t2.nii,BraTS2020_TrainingData/MICCAI_BraTS2020_TrainingData/BraTS20_Training_293/BraTS20_Training_293_seg.nii,0.0,1741.0
BraTS2020_TrainingData/MICCAI_BraTS2020_TrainingData/BraTS20_Training_246/BraTS20_Training_246_t2.nii,BraTS2020_TrainingData/MICCAI_BraTS2020_TrainingData/BraTS20_Training_246/BraTS20_Training_246_seg.nii,0.0,508.0
BraTS2020_TrainingData/MICCAI_BraTS2020_TrainingData/BraTS20_Training_262/BraTS20_Training_262_t2.nii,BraTS2020_TrainingData/MICCAI_BraTS2020_TrainingData/BraTS20_Training_262/BraTS20_Training_262_seg.nii,0.0,530.0
BraTS2020_TrainingData/MICCAI_BraTS2020_TrainingData/BraTS20_Training_186/BraTS20_Training_186_t2.nii,BraTS2020_TrainingData/MICCAI_BraTS2020_TrainingData/BraTS20_Training_186/BraTS20_Training_186_seg.nii,0.0,615.0
BraTS2020_TrainingData/MICCAI_BraTS2020_TrainingData/BraTS20_Training_278/BraTS20_Training_278_t2.nii,BraTS2020_TrainingData/MICCAI_BraTS2020_TrainingData/BraTS20_Training_278/BraTS20_Training_278_seg.nii,0.0,1079.0
BraTS2020_TrainingData/MICCAI_BraTS2020_TrainingData/BraTS20_Training_130/BraTS20_Training_130_t2.nii,BraTS2020_TrainingData/MICCAI_BraTS2020_TrainingData/BraTS20_Training_130/BraTS20_Training_130_seg.nii,0.0,823.0
BraTS2020_TrainingData/MICCAI_BraTS2020_TrainingData/BraTS20_Training_039/BraTS20_Training_039_t2.nii,BraTS2020_TrainingData/MICCAI_BraTS2020_TrainingData/BraTS20_Training_039/BraTS20_Training_039_seg.nii,0.0,1040.0
BraTS2020_TrainingData/MICCAI_BraTS2020_TrainingData/BraTS20_Training_012/BraTS20_Training_012_t2.nii,BraTS2020_TrainingData/MICCAI_BraTS2020_TrainingData/BraTS20_Training_012/BraTS20_Training_012_seg.nii,0.0,1381.0
BraTS2020_TrainingData/MICCAI_BraTS2020_TrainingData/BraTS20_Training_321/BraTS20_Training_321_t2.nii,BraTS2020_TrainingData/MICCAI_BraTS2020_TrainingData/BraTS20_Training_321/BraTS20_Training_321_seg.nii,0.0,889.0
BraTS2020_TrainingData/MICCAI_BraTS2020_TrainingData/BraTS20_Training_196/BraTS20_Training_196_t2.nii,BraTS2020_TrainingData/MICCAI_BraTS2020_TrainingData/BraTS20_Training_196/BraTS20_Training_196_seg.nii,0.0,713.0
BraTS2020_TrainingData/MICCAI_BraTS2020_TrainingData/BraTS20_Training_113/BraTS20_Training_113_t2.nii,BraTS2020_TrainingData/MICCAI_BraTS2020_TrainingData/BraTS20_Training_113/BraTS20_Training_113_seg.nii,0.0,958.0
BraTS2020_TrainingData/MICCAI_BraTS2020_TrainingData/BraTS20_Training_180/BraTS20_Training_180_t2.nii,BraTS2020_TrainingData/MICCAI_BraTS2020_TrainingData/BraTS20_Training_180/BraTS20_Training_180_seg.nii,0.0,776.0
BraTS2020_TrainingData/MICCAI_BraTS2020_TrainingData/BraTS20_Training_240/BraTS20_Training_240_t2.nii,BraTS2020_TrainingData/MICCAI_BraTS2020_TrainingData/BraTS20_Training_240/BraTS20_Training_240_seg.nii,0.0,807.0
BraTS2020_TrainingData/MICCAI_BraTS2020_TrainingData/BraTS20_Training_295/BraTS20_Training_295_t2.nii,BraTS2020_TrainingData/MICCAI_BraTS2020_TrainingData/BraTS20_Training_295/BraTS20_Training_295_seg.nii,0.0,1085.0
BraTS2020_TrainingData/MICCAI_BraTS2020_TrainingData/BraTS20_Training_118/BraTS20_Training_118_t2.nii,BraTS2020_TrainingData/MICCAI_BraTS2020_TrainingData/BraTS20_Training_118/BraTS20_Training_118_seg.nii,0.0,1251.0
BraTS2020_TrainingData/MICCAI_BraTS2020_TrainingData/BraTS20_Training_340/BraTS20_Training_340_t2.nii,BraTS2020_TrainingData/MICCAI_BraTS2020_TrainingData/BraTS20_Training_340/BraTS20_Training_340_seg.nii,0.0,2442.841811523437
BraTS2020_TrainingData/MICCAI_BraTS2020_TrainingData/BraTS20_Training_356/BraTS20_Training_356_t2.nii,BraTS2020_TrainingData/MICCAI_BraTS2020_TrainingData/BraTS20_Training_356/BraTS20_Training_356_seg.nii,0.0,2619.0
BraTS2020_TrainingData/MICCAI_BraTS2020_TrainingData/BraTS20_Training_266/BraTS20_Training_266_t2.nii,BraTS2020_TrainingData/MICCAI_BraTS2020_TrainingData/BraTS20_Training_266/BraTS20_Training_266_seg.nii,0.0,593.0
BraTS2020_TrainingData/MICCAI_BraTS2020_TrainingData/BraTS20_Training_334/BraTS20_Training_334_t2.nii,BraTS2020_TrainingData/MICCAI_BraTS2020_TrainingData/BraTS20_Training_334/BraTS20_Training_334_seg.nii,0.0,2097.0
BraTS2020_TrainingData/MICCAI_BraTS2020_TrainingData/BraTS20_Training_165/BraTS20_Training_165_t2.nii,BraTS2020_TrainingData/MICCAI_BraTS2020_TrainingData/BraTS20_Training_165/BraTS20_Training_165_seg.nii,0.0,493.0
BraTS2020_TrainingData/MICCAI_BraTS2020_TrainingData/BraTS20_Training_221/BraTS20_Training_221_t2.nii,BraTS2020_TrainingData/MICCAI_BraTS2020_TrainingData/BraTS20_Training_221/BraTS20_Training_221_seg.nii,0.0,469.0
BraTS2020_TrainingData/MICCAI_BraTS2020_TrainingData/BraTS20_Training_343/BraTS20_Training_343_t2.nii,BraTS2020_TrainingData/MICCAI_BraTS2020_TrainingData/BraTS20_Training_343/BraTS20_Training_343_seg.nii,0.0,15006.0
BraTS2020_TrainingData/MICCAI_BraTS2020_TrainingData/BraTS20_Training_155/BraTS20_Training_155_t2.nii,BraTS2020_TrainingData/MICCAI_BraTS2020_TrainingData/BraTS20_Training_155/BraTS20_Training_155_seg.nii,0.0,637.0
BraTS2020_TrainingData/MICCAI_BraTS2020_TrainingData/BraTS20_Training_198/BraTS20_Training_198_t2.nii,BraTS2020_TrainingData/MICCAI_BraTS2020_TrainingData/BraTS20_Training_198/BraTS20_Training_198_seg.nii,0.0,485.0
BraTS2020_TrainingData/MICCAI_BraTS2020_TrainingData/BraTS20_Training_352/BraTS20_Training_352_t2.nii,BraTS2020_TrainingData/MICCAI_BraTS2020_TrainingData/BraTS20_Training_352/BraTS20_Training_352_seg.nii,0.0,1626.0
BraTS2020_TrainingData/MICCAI_BraTS2020_TrainingData/BraTS20_Training_003/BraTS20_Training_003_t2.nii,BraTS2020_TrainingData/MICCAI_BraTS2020_TrainingData/BraTS20_Training_003/BraTS20_Training_003_seg.nii,0.0,178.0
BraTS2020_TrainingData/MICCAI_BraTS2020_TrainingData/BraTS20_Training_116/BraTS20_Training_116_t2.nii,BraTS2020_TrainingData/MICCAI_BraTS2020_TrainingData/BraTS20_Training_116/BraTS20_Training_116_seg.nii,0.0,1087.0
BraTS2020_TrainingData/MICCAI_BraTS2020_TrainingData/BraTS20_Training_315/BraTS20_Training_315_t2.nii,BraTS2020_TrainingData/MICCAI_BraTS2020_TrainingData/BraTS20_Training_315/BraTS20_Training_315_seg.nii,0.0,15338.0
BraTS2020_TrainingData/MICCAI_BraTS2020_TrainingData/BraTS20_Training_298/BraTS20_Training_298_t2.nii,BraTS2020_TrainingData/MICCAI_BraTS2020_TrainingData/BraTS20_Training_298/BraTS20_Training_298_seg.nii,0.0,2580.0
BraTS2020_TrainingData/MICCAI_BraTS2020_TrainingData/BraTS20_Training_254/BraTS20_Training_254_t2.nii,BraTS2020_TrainingData/MICCAI_BraTS2020_TrainingData/BraTS20_Training_254/BraTS20_Training_254_seg.nii,0.0,1281.0
BraTS2020_TrainingData/MICCAI_BraTS2020_TrainingData/BraTS20_Training_121/BraTS20_Training_121_t2.nii,BraTS2020_TrainingData/MICCAI_BraTS2020_TrainingData/BraTS20_Training_121/BraTS20_Training_121_seg.nii,0.0,1106.0
BraTS2020_TrainingData/MICCAI_BraTS2020_TrainingData/BraTS20_Training_284/BraTS20_Training_284_t2.nii,BraTS2020_TrainingData/MICCAI_BraTS2020_TrainingData/BraTS20_Training_284/BraTS20_Training_284_seg.nii,0.0,1777.0
BraTS2020_TrainingData/MICCAI_BraTS2020_TrainingData/BraTS20_Training_212/BraTS20_Training_212_t2.nii,BraTS2020_TrainingData/MICCAI_BraTS2020_TrainingData/BraTS20_Training_212/BraTS20_Training_212_seg.nii,0.0,1122.0
BraTS2020_TrainingData/MICCAI_BraTS2020_TrainingData/BraTS20_Training_318/BraTS20_Training_318_t2.nii,BraTS2020_TrainingData/MICCAI_BraTS2020_TrainingData/BraTS20_Training_318/BraTS20_Training_318_seg.nii,0.0,745.0
BraTS2020_TrainingData/MICCAI_BraTS2020_TrainingData/BraTS20_Training_128/BraTS20_Training_128_t2.nii,BraTS2020_TrainingData/MICCAI_BraTS2020_TrainingData/BraTS20_Training_128/BraTS20_Training_128_seg.nii,0.0,1118.0
BraTS2020_TrainingData/MICCAI_BraTS2020_TrainingData/BraTS20_Training_075/BraTS20_Training_075_t2.nii,BraTS2020_TrainingData/MICCAI_BraTS2020_TrainingData/BraTS20_Training_075/BraTS20_Training_075_seg.nii,0.0,304.0
BraTS2020_TrainingData/MICCAI_BraTS2020_TrainingData/BraTS20_Training_299/BraTS20_Training_299_t2.nii,BraTS2020_TrainingData/MICCAI_BraTS2020_TrainingData/BraTS20_Training_299/BraTS20_Training_299_seg.nii,0.0,2299.0
BraTS2020_TrainingData/MICCAI_BraTS2020_TrainingData/BraTS20_Training_030/BraTS20_Training_030_t2.nii,BraTS2020_TrainingData/MICCAI_BraTS2020_TrainingData/BraTS20_Training_030/BraTS20_Training_030_seg.nii,0.0,250.0
BraTS2020_TrainingData/MICCAI_BraTS2020_TrainingData/BraTS20_Training_084/BraTS20_Training_084_t2.nii,BraTS2020_TrainingData/MICCAI_BraTS2020_TrainingData/BraTS20_Training_084/BraTS20_Training_084_seg.nii,0.0,1089.0
BraTS2020_TrainingData/MICCAI_BraTS2020_TrainingData/BraTS20_Training_306/BraTS20_Training_306_t2.nii,BraTS2020_TrainingData/MICCAI_BraTS2020_TrainingData/BraTS20_Training_306/BraTS20_Training_306_seg.nii,0.0,1862.0
BraTS2020_TrainingData/MICCAI_BraTS2020_TrainingData/BraTS20_Training_108/BraTS20_Training_108_t2.nii,BraTS2020_TrainingData/MICCAI_BraTS2020_TrainingData/BraTS20_Training_108/BraTS20_Training_108_seg.nii,0.0,1230.0
BraTS2020_TrainingData/MICCAI_BraTS2020_TrainingData/BraTS20_Training_351/BraTS20_Training_351_t2.nii,BraTS2020_TrainingData/MICCAI_BraTS2020_TrainingData/BraTS20_Training_351/BraTS20_Training_351_seg.nii,0.0,6282.0
BraTS2020_TrainingData/MICCAI_BraTS2020_TrainingData/BraTS20_Training_225/BraTS20_Training_225_t2.nii,BraTS2020_TrainingData/MICCAI_BraTS2020_TrainingData/BraTS20_Training_225/BraTS20_Training_225_seg.nii,0.0,663.0
BraTS2020_TrainingData/MICCAI_BraTS2020_TrainingData/BraTS20_Training_134/BraTS20_Training_134_t2.nii,BraTS2020_TrainingData/MICCAI_BraTS2020_TrainingData/BraTS20_Training_134/BraTS20_Training_134_seg.nii,0.0,759.0
BraTS2020_TrainingData/MICCAI_BraTS2020_TrainingData/BraTS20_Training_185/BraTS20_Training_185_t2.nii,BraTS2020_TrainingData/MICCAI_BraTS2020_TrainingData/BraTS20_Training_185/BraTS20_Training_185_seg.nii,0.0,1730.0
BraTS2020_TrainingData/MICCAI_BraTS2020_TrainingData/BraTS20_Training_269/BraTS20_Training_269_t2.nii,BraTS2020_TrainingData/MICCAI_BraTS2020_TrainingData/BraTS20_Training_269/BraTS20_Training_269_seg.nii,0.0,489.0
BraTS2020_TrainingData/MICCAI_BraTS2020_TrainingData/BraTS20_Training_045/BraTS20_Training_045_t2.nii,BraTS2020_TrainingData/MICCAI_BraTS2020_TrainingData/BraTS20_Training_045/BraTS20_Training_045_seg.nii,0.0,1438.0
BraTS2020_TrainingData/MICCAI_BraTS2020_TrainingData/BraTS20_Training_339/BraTS20_Training_339_t2.nii,BraTS2020_TrainingData/MICCAI_BraTS2020_TrainingData/BraTS20_Training_339/BraTS20_Training_339_seg.nii,0.0,2640.0
BraTS2020_TrainingData/MICCAI_BraTS2020_TrainingData/BraTS20_Training_066/BraTS20_Training_066_t2.nii,BraTS2020_TrainingData/MICCAI_BraTS2020_TrainingData/BraTS20_Training_066/BraTS20_Training_066_seg.nii,0.0,254.0
BraTS2020_TrainingData/MICCAI_BraTS2020_TrainingData/BraTS20_Training_275/BraTS20_Training_275_t2.nii,BraTS2020_TrainingData/MICCAI_BraTS2020_TrainingData/BraTS20_Training_275/BraTS20_Training_275_seg.nii,0.0,890.0
BraTS2020_TrainingData/MICCAI_BraTS2020_TrainingData/BraTS20_Training_086/BraTS20_Training_086_t2.nii,BraTS2020_TrainingData/MICCAI_BraTS2020_TrainingData/BraTS20_Training_086/BraTS20_Training_086_seg.nii,0.0,1354.0
BraTS2020_TrainingData/MICCAI_BraTS2020_TrainingData/BraTS20_Training_187/BraTS20_Training_187_t2.nii,BraTS2020_TrainingData/MICCAI_BraTS2020_TrainingData/BraTS20_Training_187/BraTS20_Training_187_seg.nii,0.0,494.0
BraTS2020_TrainingData/MICCAI_BraTS2020_TrainingData/BraTS20_Training_071/BraTS20_Training_071_t2.nii,BraTS2020_TrainingData/MICCAI_BraTS2020_TrainingData/BraTS20_Training_071/BraTS20_Training_071_seg.nii,0.0,320.0
BraTS2020_TrainingData/MICCAI_BraTS2020_TrainingData/BraTS20_Training_160/BraTS20_Training_160_t2.nii,BraTS2020_TrainingData/MICCAI_BraTS2020_TrainingData/BraTS20_Training_160/BraTS20_Training_160_seg.nii,0.0,494.0
BraTS2020_TrainingData/MICCAI_BraTS2020_TrainingData/BraTS20_Training_013/BraTS20_Training_013_t2.nii,BraTS2020_TrainingData/MICCAI_BraTS2020_TrainingData/BraTS20_Training_013/BraTS20_Training_013_seg.nii,0.0,228.0
BraTS2020_TrainingData/MICCAI_BraTS2020_TrainingData/BraTS20_Training_036/BraTS20_Training_036_t2.nii,BraTS2020_TrainingData/MICCAI_BraTS2020_TrainingData/BraTS20_Training_036/BraTS20_Training_036_seg.nii,0.0,1080.0
BraTS2020_TrainingData/MICCAI_BraTS2020_TrainingData/BraTS20_Training_029/BraTS20_Training_029_t2.nii,BraTS2020_TrainingData/MICCAI_BraTS2020_TrainingData/BraTS20_Training_029/BraTS20_Training_029_seg.nii,0.0,188.0
BraTS2020_TrainingData/MICCAI_BraTS2020_TrainingData/BraTS20_Training_171/BraTS20_Training_171_t2.nii,BraTS2020_TrainingData/MICCAI_BraTS2020_TrainingData/BraTS20_Training_171/BraTS20_Training_171_seg.nii,0.0,2070.0
BraTS2020_TrainingData/MICCAI_BraTS2020_TrainingData/BraTS20_Training_143/BraTS20_Training_143_t2.nii,BraTS2020_TrainingData/MICCAI_BraTS2020_TrainingData/BraTS20_Training_143/BraTS20_Training_143_seg.nii,0.0,1189.0
BraTS2020_TrainingData/MICCAI_BraTS2020_TrainingData/BraTS20_Training_243/BraTS20_Training_243_t2.nii,BraTS2020_TrainingData/MICCAI_BraTS2020_TrainingData/BraTS20_Training_243/BraTS20_Training_243_seg.nii,0.0,1088.0
BraTS2020_TrainingData/MICCAI_BraTS2020_TrainingData/BraTS20_Training_151/BraTS20_Training_151_t2.nii,BraTS2020_TrainingData/MICCAI_BraTS2020_TrainingData/BraTS20_Training_151/BraTS20_Training_151_seg.nii,0.0,3341.0
BraTS2020_TrainingData/MICCAI_BraTS2020_TrainingData/BraTS20_Training_229/BraTS20_Training_229_t2.nii,BraTS2020_TrainingData/MICCAI_BraTS2020_TrainingData/BraTS20_Training_229/BraTS20_Training_229_seg.nii,0.0,523.0
BraTS2020_TrainingData/MICCAI_BraTS2020_TrainingData/BraTS20_Training_222/BraTS20_Training_222_t2.nii,BraTS2020_TrainingData/MICCAI_BraTS2020_TrainingData/BraTS20_Training_222/BraTS20_Training_222_seg.nii,0.0,356.0
BraTS2020_TrainingData/MICCAI_BraTS2020_TrainingData/BraTS20_Training_132/BraTS20_Training_132_t2.nii,BraTS2020_TrainingData/MICCAI_BraTS2020_TrainingData/BraTS20_Training_132/BraTS20_Training_132_seg.nii,0.0,792.0
BraTS2020_TrainingData/MICCAI_BraTS2020_TrainingData/BraTS20_Training_332/BraTS20_Training_332_t2.nii,BraTS2020_TrainingData/MICCAI_BraTS2020_TrainingData/BraTS20_Training_332/BraTS20_Training_332_seg.nii,0.0,2491.0
BraTS2020_TrainingData/MICCAI_BraTS2020_TrainingData/BraTS20_Training_052/BraTS20_Training_052_t2.nii,BraTS2020_TrainingData/MICCAI_BraTS2020_TrainingData/BraTS20_Training_052/BraTS20_Training_052_seg.nii,0.0,1165.0
BraTS2020_TrainingData/MICCAI_BraTS2020_TrainingData/BraTS20_Training_241/BraTS20_Training_241_t2.nii,BraTS2020_TrainingData/MICCAI_BraTS2020_TrainingData/BraTS20_Training_241/BraTS20_Training_241_seg.nii,0.0,701.0
BraTS2020_TrainingData/MICCAI_BraTS2020_TrainingData/BraTS20_Training_347/BraTS20_Training_347_t2.nii,BraTS2020_TrainingData/MICCAI_BraTS2020_TrainingData/BraTS20_Training_347/BraTS20_Training_347_seg.nii,0.0,2670.0
BraTS2020_TrainingData/MICCAI_BraTS2020_TrainingData/BraTS20_Training_096/BraTS20_Training_096_t2.nii,BraTS2020_TrainingData/MICCAI_BraTS2020_TrainingData/BraTS20_Training_096/BraTS20_Training_096_seg.nii,0.0,1192.0
BraTS2020_TrainingData/MICCAI_BraTS2020_TrainingData/BraTS20_Training_282/BraTS20_Training_282_t2.nii,BraTS2020_TrainingData/MICCAI_BraTS2020_TrainingData/BraTS20_Training_282/BraTS20_Training_282_seg.nii,0.0,492.0
BraTS2020_TrainingData/MICCAI_BraTS2020_TrainingData/BraTS20_Training_179/BraTS20_Training_179_t2.nii,BraTS2020_TrainingData/MICCAI_BraTS2020_TrainingData/BraTS20_Training_179/BraTS20_Training_179_seg.nii,0.0,444.0
BraTS2020_TrainingData/MICCAI_BraTS2020_TrainingData/BraTS20_Training_205/BraTS20_Training_205_t2.nii,BraTS2020_TrainingData/MICCAI_BraTS2020_TrainingData/BraTS20_Training_205/BraTS20_Training_205_seg.nii,0.0,1263.0
BraTS2020_TrainingData/MICCAI_BraTS2020_TrainingData/BraTS20_Training_124/BraTS20_Training_124_t2.nii,BraTS2020_TrainingData/MICCAI_BraTS2020_TrainingData/BraTS20_Training_124/BraTS20_Training_124_seg.nii,0.0,708.0
BraTS2020_TrainingData/MICCAI_BraTS2020_TrainingData/BraTS20_Training_042/BraTS20_Training_042_t2.nii,BraTS2020_TrainingData/MICCAI_BraTS2020_TrainingData/BraTS20_Training_042/BraTS20_Training_042_seg.nii,0.0,1445.0
BraTS2020_TrainingData/MICCAI_BraTS2020_TrainingData/BraTS20_Training_090/BraTS20_Training_090_t2.nii,BraTS2020_TrainingData/MICCAI_BraTS2020_TrainingData/BraTS20_Training_090/BraTS20_Training_090_seg.nii,0.0,1086.0
BraTS2020_TrainingData/MICCAI_BraTS2020_TrainingData/BraTS20_Training_287/BraTS20_Training_287_t2.nii,BraTS2020_TrainingData/MICCAI_BraTS2020_TrainingData/BraTS20_Training_287/BraTS20_Training_287_seg.nii,0.0,468.0
BraTS2020_TrainingData/MICCAI_BraTS2020_TrainingData/BraTS20_Training_207/BraTS20_Training_207_t2.nii,BraTS2020_TrainingData/MICCAI_BraTS2020_TrainingData/BraTS20_Training_207/BraTS20_Training_207_seg.nii,0.0,368.0
BraTS2020_TrainingData/MICCAI_BraTS2020_TrainingData/BraTS20_Training_137/BraTS20_Training_137_t2.nii,BraTS2020_TrainingData/MICCAI_BraTS2020_TrainingData/BraTS20_Training_137/BraTS20_Training_137_seg.nii,0.0,827.0
BraTS2020_TrainingData/MICCAI_BraTS2020_TrainingData/BraTS20_Training_027/BraTS20_Training_027_t2.nii,BraTS2020_TrainingData/MICCAI_BraTS2020_TrainingData/BraTS20_Training_027/BraTS20_Training_027_seg.nii,0.0,303.0
BraTS2020_TrainingData/MICCAI_BraTS2020_TrainingData/BraTS20_Training_362/BraTS20_Training_362_t2.nii,BraTS2020_TrainingData/MICCAI_BraTS2020_TrainingData/BraTS20_Training_362/BraTS20_Training_362_seg.nii,0.0,794.7902233886718
BraTS2020_TrainingData/MICCAI_BraTS2020_TrainingData/BraTS20_Training_142/BraTS20_Training_142_t2.nii,BraTS2020_TrainingData/MICCAI_BraTS2020_TrainingData/BraTS20_Training_142/BraTS20_Training_142_seg.nii,0.0,887.0
BraTS2020_TrainingData/MICCAI_BraTS2020_TrainingData/BraTS20_Training_255/BraTS20_Training_255_t2.nii,BraTS2020_TrainingData/MICCAI_BraTS2020_TrainingData/BraTS20_Training_255/BraTS20_Training_255_seg.nii,0.0,828.0
BraTS2020_TrainingData/MICCAI_BraTS2020_TrainingData/BraTS20_Training_329/BraTS20_Training_329_t2.nii,BraTS2020_TrainingData/MICCAI_BraTS2020_TrainingData/BraTS20_Training_329/BraTS20_Training_329_seg.nii,0.0,1851.0
BraTS2020_TrainingData/MICCAI_BraTS2020_TrainingData/BraTS20_Training_005/BraTS20_Training_005_t2.nii,BraTS2020_TrainingData/MICCAI_BraTS2020_TrainingData/BraTS20_Training_005/BraTS20_Training_005_seg.nii,0.0,258.0
BraTS2020_TrainingData/MICCAI_BraTS2020_TrainingData/BraTS20_Training_257/BraTS20_Training_257_t2.nii,BraTS2020_TrainingData/MICCAI_BraTS2020_TrainingData/BraTS20_Training_257/BraTS20_Training_257_seg.nii,0.0,2087.0
BraTS2020_TrainingData/MICCAI_BraTS2020_TrainingData/BraTS20_Training_330/BraTS20_Training_330_t2.nii,BraTS2020_TrainingData/MICCAI_BraTS2020_TrainingData/BraTS20_Training_330/BraTS20_Training_330_seg.nii,0.0,1228.0
BraTS2020_TrainingData/MICCAI_BraTS2020_TrainingData/BraTS20_Training_101/BraTS20_Training_101_t2.nii,BraTS2020_TrainingData/MICCAI_BraTS2020_TrainingData/BraTS20_Training_101/BraTS20_Training_101_seg.nii,0.0,974.0
BraTS2020_TrainingData/MICCAI_BraTS2020_TrainingData/BraTS20_Training_227/BraTS20_Training_227_t2.nii,BraTS2020_TrainingData/MICCAI_BraTS2020_TrainingData/BraTS20_Training_227/BraTS20_Training_227_seg.nii,0.0,404.0
BraTS2020_TrainingData/MICCAI_BraTS2020_TrainingData/BraTS20_Training_323/BraTS20_Training_323_t2.nii,BraTS2020_TrainingData/MICCAI_BraTS2020_TrainingData/BraTS20_Training_323/BraTS20_Training_323_seg.nii,0.0,1848.0
BraTS2020_TrainingData/MICCAI_BraTS2020_TrainingData/BraTS20_Training_214/BraTS20_Training_214_t2.nii,BraTS2020_TrainingData/MICCAI_BraTS2020_TrainingData/BraTS20_Training_214/BraTS20_Training_214_seg.nii,0.0,475.0
BraTS2020_TrainingData/MICCAI_BraTS2020_TrainingData/BraTS20_Training_172/BraTS20_Training_172_t2.nii,BraTS2020_TrainingData/MICCAI_BraTS2020_TrainingData/BraTS20_Training_172/BraTS20_Training_172_seg.nii,0.0,2402.0099999997765
BraTS2020_TrainingData/MICCAI_BraTS2020_TrainingData/BraTS20_Training_099/BraTS20_Training_099_t2.nii,BraTS2020_TrainingData/MICCAI_BraTS2020_TrainingData/BraTS20_Training_099/BraTS20_Training_099_seg.nii,0.0,928.0
BraTS2020_TrainingData/MICCAI_BraTS2020_TrainingData/BraTS20_Training_216/BraTS20_Training_216_t2.nii,BraTS2020_TrainingData/MICCAI_BraTS2020_TrainingData/BraTS20_Training_216/BraTS20_Training_216_seg.nii,0.0,478.0
BraTS2020_TrainingData/MICCAI_BraTS2020_TrainingData/BraTS20_Training_062/BraTS20_Training_062_t2.nii,BraTS2020_TrainingData/MICCAI_BraTS2020_TrainingData/BraTS20_Training_062/BraTS20_Training_062_seg.nii,0.0,246.0
BraTS2020_TrainingData/MICCAI_BraTS2020_TrainingData/BraTS20_Training_048/BraTS20_Training_048_t2.nii,BraTS2020_TrainingData/MICCAI_BraTS2020_TrainingData/BraTS20_Training_048/BraTS20_Training_048_seg.nii,0.0,1002.0
BraTS2020_TrainingData/MICCAI_BraTS2020_TrainingData/BraTS20_Training_033/BraTS20_Training_033_t2.nii,BraTS2020_TrainingData/MICCAI_BraTS2020_TrainingData/BraTS20_Training_033/BraTS20_Training_033_seg.nii,0.0,236.0
BraTS2020_TrainingData/MICCAI_BraTS2020_TrainingData/BraTS20_Training_268/BraTS20_Training_268_t2.nii,BraTS2020_TrainingData/MICCAI_BraTS2020_TrainingData/BraTS20_Training_268/BraTS20_Training_268_seg.nii,0.0,981.0
BraTS2020_TrainingData/MICCAI_BraTS2020_TrainingData/BraTS20_Training_201/BraTS20_Training_201_t2.nii,BraTS2020_TrainingData/MICCAI_BraTS2020_TrainingData/BraTS20_Training_201/BraTS20_Training_201_seg.nii,0.0,545.0
BraTS2020_TrainingData/MICCAI_BraTS2020_TrainingData/BraTS20_Training_328/BraTS20_Training_328_t2.nii,BraTS2020_TrainingData/MICCAI_BraTS2020_TrainingData/BraTS20_Training_328/BraTS20_Training_328_seg.nii,0.0,396.0
BraTS2020_TrainingData/MICCAI_BraTS2020_TrainingData/BraTS20_Training_028/BraTS20_Training_028_t2.nii,BraTS2020_TrainingData/MICCAI_BraTS2020_TrainingData/BraTS20_Training_028/BraTS20_Training_028_seg.nii,0.0,264.0
BraTS2020_TrainingData/MICCAI_BraTS2020_TrainingData/BraTS20_Training_289/BraTS20_Training_289_t2.nii,BraTS2020_TrainingData/MICCAI_BraTS2020_TrainingData/BraTS20_Training_289/BraTS20_Training_289_seg.nii,0.0,719.0
BraTS2020_TrainingData/MICCAI_BraTS2020_TrainingData/BraTS20_Training_231/BraTS20_Training_231_t2.nii,BraTS2020_TrainingData/MICCAI_BraTS2020_TrainingData/BraTS20_Training_231/BraTS20_Training_231_seg.nii,0.0,628.0
BraTS2020_TrainingData/MICCAI_BraTS2020_TrainingData/BraTS20_Training_261/BraTS20_Training_261_t2.nii,BraTS2020_TrainingData/MICCAI_BraTS2020_TrainingData/BraTS20_Training_261/BraTS20_Training_261_seg.nii,0.0,672.0
BraTS2020_TrainingData/MICCAI_BraTS2020_TrainingData/BraTS20_Training_163/BraTS20_Training_163_t2.nii,BraTS2020_TrainingData/MICCAI_BraTS2020_TrainingData/BraTS20_Training_163/BraTS20_Training_163_seg.nii,0.0,777.0
BraTS2020_TrainingData/MICCAI_BraTS2020_TrainingData/BraTS20_Training_345/BraTS20_Training_345_t2.nii,BraTS2020_TrainingData/MICCAI_BraTS2020_TrainingData/BraTS20_Training_345/BraTS20_Training_345_seg.nii,0.0,927.9948736572264
BraTS2020_TrainingData/MICCAI_BraTS2020_TrainingData/BraTS20_Training_139/BraTS20_Training_139_t2.nii,BraTS2020_TrainingData/MICCAI_BraTS2020_TrainingData/BraTS20_Training_139/BraTS20_Training_139_seg.nii,0.0,776.0
BraTS2020_TrainingData/MICCAI_BraTS2020_TrainingData/BraTS20_Training_063/BraTS20_Training_063_t2.nii,BraTS2020_TrainingData/MICCAI_BraTS2020_TrainingData/BraTS20_Training_063/BraTS20_Training_063_seg.nii,0.0,271.0
BraTS2020_TrainingData/MICCAI_BraTS2020_TrainingData/BraTS20_Training_136/BraTS20_Training_136_t2.nii,BraTS2020_TrainingData/MICCAI_BraTS2020_TrainingData/BraTS20_Training_136/BraTS20_Training_136_seg.nii,0.0,736.0
BraTS2020_TrainingData/MICCAI_BraTS2020_TrainingData/BraTS20_Training_129/BraTS20_Training_129_t2.nii,BraTS2020_TrainingData/MICCAI_BraTS2020_TrainingData/BraTS20_Training_129/BraTS20_Training_129_seg.nii,0.0,1006.0
BraTS2020_TrainingData/MICCAI_BraTS2020_TrainingData/BraTS20_Training_009/BraTS20_Training_009_t2.nii,BraTS2020_TrainingData/MICCAI_BraTS2020_TrainingData/BraTS20_Training_009/BraTS20_Training_009_seg.nii,0.0,272.0
BraTS2020_TrainingData/MICCAI_BraTS2020_TrainingData/BraTS20_Training_065/BraTS20_Training_065_t2.nii,BraTS2020_TrainingData/MICCAI_BraTS2020_TrainingData/BraTS20_Training_065/BraTS20_Training_065_seg.nii,0.0,219.0
BraTS2020_TrainingData/MICCAI_BraTS2020_TrainingData/BraTS20_Training_015/BraTS20_Training_015_t2.nii,BraTS2020_TrainingData/MICCAI_BraTS2020_TrainingData/BraTS20_Training_015/BraTS20_Training_015_seg.nii,0.0,307.0
BraTS2020_TrainingData/MICCAI_BraTS2020_TrainingData/BraTS20_Training_157/BraTS20_Training_157_t2.nii,BraTS2020_TrainingData/MICCAI_BraTS2020_TrainingData/BraTS20_Training_157/BraTS20_Training_157_seg.nii,0.0,5646.0
BraTS2020_TrainingData/MICCAI_BraTS2020_TrainingData/BraTS20_Training_041/BraTS20_Training_041_t2.nii,BraTS2020_TrainingData/MICCAI_BraTS2020_TrainingData/BraTS20_Training_041/BraTS20_Training_041_seg.nii,0.0,1111.0
BraTS2020_TrainingData/MICCAI_BraTS2020_TrainingData/BraTS20_Training_338/BraTS20_Training_338_t2.nii,BraTS2020_TrainingData/MICCAI_BraTS2020_TrainingData/BraTS20_Training_338/BraTS20_Training_338_seg.nii,0.0,974.0
BraTS2020_TrainingData/MICCAI_BraTS2020_TrainingData/BraTS20_Training_300/BraTS20_Training_300_t2.nii,BraTS2020_TrainingData/MICCAI_BraTS2020_TrainingData/BraTS20_Training_300/BraTS20_Training_300_seg.nii,0.0,1672.0
BraTS2020_TrainingData/MICCAI_BraTS2020_TrainingData/BraTS20_Training_217/BraTS20_Training_217_t2.nii,BraTS2020_TrainingData/MICCAI_BraTS2020_TrainingData/BraTS20_Training_217/BraTS20_Training_217_seg.nii,0.0,583.0
BraTS2020_TrainingData/MICCAI_BraTS2020_TrainingData/BraTS20_Training_280/BraTS20_Training_280_t2.nii,BraTS2020_TrainingData/MICCAI_BraTS2020_TrainingData/BraTS20_Training_280/BraTS20_Training_280_seg.nii,0.0,1142.0
BraTS2020_TrainingData/MICCAI_BraTS2020_TrainingData/BraTS20_Training_319/BraTS20_Training_319_t2.nii,BraTS2020_TrainingData/MICCAI_BraTS2020_TrainingData/BraTS20_Training_319/BraTS20_Training_319_seg.nii,0.0,753.0
BraTS2020_TrainingData/MICCAI_BraTS2020_TrainingData/BraTS20_Training_237/BraTS20_Training_237_t2.nii,BraTS2020_TrainingData/MICCAI_BraTS2020_TrainingData/BraTS20_Training_237/BraTS20_Training_237_seg.nii,0.0,874.0
BraTS2020_TrainingData/MICCAI_BraTS2020_TrainingData/BraTS20_Training_208/BraTS20_Training_208_t2.nii,BraTS2020_TrainingData/MICCAI_BraTS2020_TrainingData/BraTS20_Training_208/BraTS20_Training_208_seg.nii,0.0,754.0
BraTS2020_TrainingData/MICCAI_BraTS2020_TrainingData/BraTS20_Training_213/BraTS20_Training_213_t2.nii,BraTS2020_TrainingData/MICCAI_BraTS2020_TrainingData/BraTS20_Training_213/BraTS20_Training_213_seg.nii,0.0,1511.0
BraTS2020_TrainingData/MICCAI_BraTS2020_TrainingData/BraTS20_Training_296/BraTS20_Training_296_t2.nii,BraTS2020_TrainingData/MICCAI_BraTS2020_TrainingData/BraTS20_Training_296/BraTS20_Training_296_seg.nii,0.0,607.0
BraTS2020_TrainingData/MICCAI_BraTS2020_TrainingData/BraTS20_Training_336/BraTS20_Training_336_t2.nii,BraTS2020_TrainingData/MICCAI_BraTS2020_TrainingData/BraTS20_Training_336/BraTS20_Training_336_seg.nii,0.0,5368.0
BraTS2020_TrainingData/MICCAI_BraTS2020_TrainingData/BraTS20_Training_252/BraTS20_Training_252_t2.nii,BraTS2020_TrainingData/MICCAI_BraTS2020_TrainingData/BraTS20_Training_252/BraTS20_Training_252_seg.nii,0.0,741.0
BraTS2020_TrainingData/MICCAI_BraTS2020_TrainingData/BraTS20_Training_360/BraTS20_Training_360_t2.nii,BraTS2020_TrainingData/MICCAI_BraTS2020_TrainingData/BraTS20_Training_360/BraTS20_Training_360_seg.nii,0.0,604.8118927001952
BraTS2020_TrainingData/MICCAI_BraTS2020_TrainingData/BraTS20_Training_337/BraTS20_Training_337_t2.nii,BraTS2020_TrainingData/MICCAI_BraTS2020_TrainingData/BraTS20_Training_337/BraTS20_Training_337_seg.nii,0.0,2787.0
BraTS2020_TrainingData/MICCAI_BraTS2020_TrainingData/BraTS20_Training_270/BraTS20_Training_270_t2.nii,BraTS2020_TrainingData/MICCAI_BraTS2020_TrainingData/BraTS20_Training_270/BraTS20_Training_270_seg.nii,0.0,4226.0
BraTS2020_TrainingData/MICCAI_BraTS2020_TrainingData/BraTS20_Training_202/BraTS20_Training_202_t2.nii,BraTS2020_TrainingData/MICCAI_BraTS2020_TrainingData/BraTS20_Training_202/BraTS20_Training_202_seg.nii,0.0,1045.0
BraTS2020_TrainingData/MICCAI_BraTS2020_TrainingData/BraTS20_Training_162/BraTS20_Training_162_t2.nii,BraTS2020_TrainingData/MICCAI_BraTS2020_TrainingData/BraTS20_Training_162/BraTS20_Training_162_seg.nii,0.0,526.0
BraTS2020_TrainingData/MICCAI_BraTS2020_TrainingData/BraTS20_Training_044/BraTS20_Training_044_t2.nii,BraTS2020_TrainingData/MICCAI_BraTS2020_TrainingData/BraTS20_Training_044/BraTS20_Training_044_seg.nii,0.0,1160.0
BraTS2020_TrainingData/MICCAI_BraTS2020_TrainingData/BraTS20_Training_218/BraTS20_Training_218_t2.nii,BraTS2020_TrainingData/MICCAI_BraTS2020_TrainingData/BraTS20_Training_218/BraTS20_Training_218_seg.nii,0.0,501.0
BraTS2020_TrainingData/MICCAI_BraTS2020_TrainingData/BraTS20_Training_191/BraTS20_Training_191_t2.nii,BraTS2020_TrainingData/MICCAI_BraTS2020_TrainingData/BraTS20_Training_191/BraTS20_Training_191_seg.nii,0.0,617.0
BraTS2020_TrainingData/MICCAI_BraTS2020_TrainingData/BraTS20_Training_260/BraTS20_Training_260_t2.nii,BraTS2020_TrainingData/MICCAI_BraTS2020_TrainingData/BraTS20_Training_260/BraTS20_Training_260_seg.nii,0.0,693.0
BraTS2020_TrainingData/MICCAI_BraTS2020_TrainingData/BraTS20_Training_106/BraTS20_Training_106_t2.nii,BraTS2020_TrainingData/MICCAI_BraTS2020_TrainingData/BraTS20_Training_106/BraTS20_Training_106_seg.nii,0.0,792.0
BraTS2020_TrainingData/MICCAI_BraTS2020_TrainingData/BraTS20_Training_054/BraTS20_Training_054_t2.nii,BraTS2020_TrainingData/MICCAI_BraTS2020_TrainingData/BraTS20_Training_054/BraTS20_Training_054_seg.nii,0.0,932.0
BraTS2020_TrainingData/MICCAI_BraTS2020_TrainingData/BraTS20_Training_002/BraTS20_Training_002_t2.nii,BraTS2020_TrainingData/MICCAI_BraTS2020_TrainingData/BraTS20_Training_002/BraTS20_Training_002_seg.nii,0.0,314.0
BraTS2020_TrainingData/MICCAI_BraTS2020_TrainingData/BraTS20_Training_050/BraTS20_Training_050_t2.nii,BraTS2020_TrainingData/MICCAI_BraTS2020_TrainingData/BraTS20_Training_050/BraTS20_Training_050_seg.nii,0.0,936.0
BraTS2020_TrainingData/MICCAI_BraTS2020_TrainingData/BraTS20_Training_081/BraTS20_Training_081_t2.nii,BraTS2020_TrainingData/MICCAI_BraTS2020_TrainingData/BraTS20_Training_081/BraTS20_Training_081_seg.nii,0.0,268.0
BraTS2020_TrainingData/MICCAI_BraTS2020_TrainingData/BraTS20_Training_206/BraTS20_Training_206_t2.nii,BraTS2020_TrainingData/MICCAI_BraTS2020_TrainingData/BraTS20_Training_206/BraTS20_Training_206_seg.nii,0.0,1130.0
BraTS2020_TrainingData/MICCAI_BraTS2020_TrainingData/BraTS20_Training_035/BraTS20_Training_035_t2.nii,BraTS2020_TrainingData/MICCAI_BraTS2020_TrainingData/BraTS20_Training_035/BraTS20_Training_035_seg.nii,0.0,1276.0
BraTS2020_TrainingData/MICCAI_BraTS2020_TrainingData/BraTS20_Training_264/BraTS20_Training_264_t2.nii,BraTS2020_TrainingData/MICCAI_BraTS2020_TrainingData/BraTS20_Training_264/BraTS20_Training_264_seg.nii,0.0,499.0
BraTS2020_TrainingData/MICCAI_BraTS2020_TrainingData/BraTS20_Training_092/BraTS20_Training_092_t2.nii,BraTS2020_TrainingData/MICCAI_BraTS2020_TrainingData/BraTS20_Training_092/BraTS20_Training_092_seg.nii,0.0,1206.0
BraTS2020_TrainingData/MICCAI_BraTS2020_TrainingData/BraTS20_Training_053/BraTS20_Training_053_t2.nii,BraTS2020_TrainingData/MICCAI_BraTS2020_TrainingData/BraTS20_Training_053/BraTS20_Training_053_seg.nii,0.0,830.0
BraTS2020_TrainingData/MICCAI_BraTS2020_TrainingData/BraTS20_Training_265/BraTS20_Training_265_t2.nii,BraTS2020_TrainingData/MICCAI_BraTS2020_TrainingData/BraTS20_Training_265/BraTS20_Training_265_seg.nii,0.0,655.0
BraTS2020_TrainingData/MICCAI_BraTS2020_TrainingData/BraTS20_Training_242/BraTS20_Training_242_t2.nii,BraTS2020_TrainingData/MICCAI_BraTS2020_TrainingData/BraTS20_Training_242/BraTS20_Training_242_seg.nii,0.0,1010.0
BraTS2020_TrainingData/MICCAI_BraTS2020_TrainingData/BraTS20_Training_014/BraTS20_Training_014_t2.nii,BraTS2020_TrainingData/MICCAI_BraTS2020_TrainingData/BraTS20_Training_014/BraTS20_Training_014_seg.nii,0.0,280.0
BraTS2020_TrainingData/MICCAI_BraTS2020_TrainingData/BraTS20_Training_316/BraTS20_Training_316_t2.nii,BraTS2020_TrainingData/MICCAI_BraTS2020_TrainingData/BraTS20_Training_316/BraTS20_Training_316_seg.nii,0.0,17126.0
BraTS2020_TrainingData/MICCAI_BraTS2020_TrainingData/BraTS20_Training_089/BraTS20_Training_089_t2.nii,BraTS2020_TrainingData/MICCAI_BraTS2020_TrainingData/BraTS20_Training_089/BraTS20_Training_089_seg.nii,0.0,318.0
BraTS2020_TrainingData/MICCAI_BraTS2020_TrainingData/BraTS20_Training_274/BraTS20_Training_274_t2.nii,BraTS2020_TrainingData/MICCAI_BraTS2020_TrainingData/BraTS20_Training_274/BraTS20_Training_274_seg.nii,0.0,1048.0
BraTS2020_TrainingData/MICCAI_BraTS2020_TrainingData/BraTS20_Training_167/BraTS20_Training_167_t2.nii,BraTS2020_TrainingData/MICCAI_BraTS2020_TrainingData/BraTS20_Training_167/BraTS20_Training_167_seg.nii,0.0,379.0
BraTS2020_TrainingData/MICCAI_BraTS2020_TrainingData/BraTS20_Training_363/BraTS20_Training_363_t2.nii,BraTS2020_TrainingData/MICCAI_BraTS2020_TrainingData/BraTS20_Training_363/BraTS20_Training_363_seg.nii,0.0,708.0
BraTS2020_TrainingData/MICCAI_BraTS2020_TrainingData/BraTS20_Training_135/BraTS20_Training_135_t2.nii,BraTS2020_TrainingData/MICCAI_BraTS2020_TrainingData/BraTS20_Training_135/BraTS20_Training_135_seg.nii,0.0,652.0
BraTS2020_TrainingData/MICCAI_BraTS2020_TrainingData/BraTS20_Training_307/BraTS20_Training_307_t2.nii,BraTS2020_TrainingData/MICCAI_BraTS2020_TrainingData/BraTS20_Training_307/BraTS20_Training_307_seg.nii,0.0,1845.0
BraTS2020_TrainingData/MICCAI_BraTS2020_TrainingData/BraTS20_Training_354/BraTS20_Training_354_t2.nii,BraTS2020_TrainingData/MICCAI_BraTS2020_TrainingData/BraTS20_Training_354/BraTS20_Training_354_seg.nii,0.0,2669.698024902343
BraTS2020_TrainingData/MICCAI_BraTS2020_TrainingData/BraTS20_Training_320/BraTS20_Training_320_t2.nii,BraTS2020_TrainingData/MICCAI_BraTS2020_TrainingData/BraTS20_Training_320/BraTS20_Training_320_seg.nii,0.0,614.0
BraTS2020_TrainingData/MICCAI_BraTS2020_TrainingData/BraTS20_Training_244/BraTS20_Training_244_t2.nii,BraTS2020_TrainingData/MICCAI_BraTS2020_TrainingData/BraTS20_Training_244/BraTS20_Training_244_seg.nii,0.0,1208.0
BraTS2020_TrainingData/MICCAI_BraTS2020_TrainingData/BraTS20_Training_055/BraTS20_Training_055_t2.nii,BraTS2020_TrainingData/MICCAI_BraTS2020_TrainingData/BraTS20_Training_055/BraTS20_Training_055_seg.nii,0.0,1280.0
BraTS2020_TrainingData/MICCAI_BraTS2020_TrainingData/BraTS20_Training_051/BraTS20_Training_051_t2.nii,BraTS2020_TrainingData/MICCAI_BraTS2020_TrainingData/BraTS20_Training_051/BraTS20_Training_051_seg.nii,0.0,1009.0
BraTS2020_TrainingData/MICCAI_BraTS2020_TrainingData/BraTS20_Training_175/BraTS20_Training_175_t2.nii,BraTS2020_TrainingData/MICCAI_BraTS2020_TrainingData/BraTS20_Training_175/BraTS20_Training_175_seg.nii,0.0,587.0
BraTS2020_TrainingData/MICCAI_BraTS2020_TrainingData/BraTS20_Training_190/BraTS20_Training_190_t2.nii,BraTS2020_TrainingData/MICCAI_BraTS2020_TrainingData/BraTS20_Training_190/BraTS20_Training_190_seg.nii,0.0,725.0
BraTS2020_TrainingData/MICCAI_BraTS2020_TrainingData/BraTS20_Training_367/BraTS20_Training_367_t2.nii,BraTS2020_TrainingData/MICCAI_BraTS2020_TrainingData/BraTS20_Training_367/BraTS20_Training_367_seg.nii,0.0,5581.0
BraTS2020_TrainingData/MICCAI_BraTS2020_TrainingData/BraTS20_Training_188/BraTS20_Training_188_t2.nii,BraTS2020_TrainingData/MICCAI_BraTS2020_TrainingData/BraTS20_Training_188/BraTS20_Training_188_seg.nii,0.0,1350.0
BraTS2020_TrainingData/MICCAI_BraTS2020_TrainingData/BraTS20_Training_170/BraTS20_Training_170_t2.nii,BraTS2020_TrainingData/MICCAI_BraTS2020_TrainingData/BraTS20_Training_170/BraTS20_Training_170_seg.nii,0.0,547.0
BraTS2020_TrainingData/MICCAI_BraTS2020_TrainingData/BraTS20_Training_059/BraTS20_Training_059_t2.nii,BraTS2020_TrainingData/MICCAI_BraTS2020_TrainingData/BraTS20_Training_059/BraTS20_Training_059_seg.nii,0.0,186.0
BraTS2020_TrainingData/MICCAI_BraTS2020_TrainingData/BraTS20_Training_049/BraTS20_Training_049_t2.nii,BraTS2020_TrainingData/MICCAI_BraTS2020_TrainingData/BraTS20_Training_049/BraTS20_Training_049_seg.nii,0.0,1004.0
BraTS2020_TrainingData/MICCAI_BraTS2020_TrainingData/BraTS20_Training_236/BraTS20_Training_236_t2.nii,BraTS2020_TrainingData/MICCAI_BraTS2020_TrainingData/BraTS20_Training_236/BraTS20_Training_236_seg.nii,0.0,328.0
BraTS2020_TrainingData/MICCAI_BraTS2020_TrainingData/BraTS20_Training_253/BraTS20_Training_253_t2.nii,BraTS2020_TrainingData/MICCAI_BraTS2020_TrainingData/BraTS20_Training_253/BraTS20_Training_253_seg.nii,0.0,964.0
BraTS2020_TrainingData/MICCAI_BraTS2020_TrainingData/BraTS20_Training_022/BraTS20_Training_022_t2.nii,BraTS2020_TrainingData/MICCAI_BraTS2020_TrainingData/BraTS20_Training_022/BraTS20_Training_022_seg.nii,0.0,818.0
BraTS2020_TrainingData/MICCAI_BraTS2020_TrainingData/BraTS20_Training_314/BraTS20_Training_314_t2.nii,BraTS2020_TrainingData/MICCAI_BraTS2020_TrainingData/BraTS20_Training_314/BraTS20_Training_314_seg.nii,0.0,1711.0
BraTS2020_TrainingData/MICCAI_BraTS2020_TrainingData/BraTS20_Training_161/BraTS20_Training_161_t2.nii,BraTS2020_TrainingData/MICCAI_BraTS2020_TrainingData/BraTS20_Training_161/BraTS20_Training_161_seg.nii,0.0,1470.0
BraTS2020_TrainingData/MICCAI_BraTS2020_TrainingData/BraTS20_Training_277/BraTS20_Training_277_t2.nii,BraTS2020_TrainingData/MICCAI_BraTS2020_TrainingData/BraTS20_Training_277/BraTS20_Training_277_seg.nii,0.0,17510.0
BraTS2020_TrainingData/MICCAI_BraTS2020_TrainingData/BraTS20_Training_192/BraTS20_Training_192_t2.nii,BraTS2020_TrainingData/MICCAI_BraTS2020_TrainingData/BraTS20_Training_192/BraTS20_Training_192_seg.nii,0.0,557.0
BraTS2020_TrainingData/MICCAI_BraTS2020_TrainingData/BraTS20_Training_294/BraTS20_Training_294_t2.nii,BraTS2020_TrainingData/MICCAI_BraTS2020_TrainingData/BraTS20_Training_294/BraTS20_Training_294_seg.nii,0.0,722.0
BraTS2020_TrainingData/MICCAI_BraTS2020_TrainingData/BraTS20_Training_344/BraTS20_Training_344_t2.nii,BraTS2020_TrainingData/MICCAI_BraTS2020_TrainingData/BraTS20_Training_344/BraTS20_Training_344_seg.nii,0.0,2233.0
BraTS2020_TrainingData/MICCAI_BraTS2020_TrainingData/BraTS20_Training_258/BraTS20_Training_258_t2.nii,BraTS2020_TrainingData/MICCAI_BraTS2020_TrainingData/BraTS20_Training_258/BraTS20_Training_258_seg.nii,0.0,910.0
BraTS2020_TrainingData/MICCAI_BraTS2020_TrainingData/BraTS20_Training_309/BraTS20_Training_309_t2.nii,BraTS2020_TrainingData/MICCAI_BraTS2020_TrainingData/BraTS20_Training_309/BraTS20_Training_309_seg.nii,0.0,1865.0
BraTS2020_TrainingData/MICCAI_BraTS2020_TrainingData/BraTS20_Training_150/BraTS20_Training_150_t2.nii,BraTS2020_TrainingData/MICCAI_BraTS2020_TrainingData/BraTS20_Training_150/BraTS20_Training_150_seg.nii,0.0,3708.0
BraTS2020_TrainingData/MICCAI_BraTS2020_TrainingData/BraTS20_Training_131/BraTS20_Training_131_t2.nii,BraTS2020_TrainingData/MICCAI_BraTS2020_TrainingData/BraTS20_Training_131/BraTS20_Training_131_seg.nii,0.0,697.0
BraTS2020_TrainingData/MICCAI_BraTS2020_TrainingData/BraTS20_Training_152/BraTS20_Training_152_t2.nii,BraTS2020_TrainingData/MICCAI_BraTS2020_TrainingData/BraTS20_Training_152/BraTS20_Training_152_seg.nii,0.0,2421.0
BraTS2020_TrainingData/MICCAI_BraTS2020_TrainingData/BraTS20_Training_100/BraTS20_Training_100_t2.nii,BraTS2020_TrainingData/MICCAI_BraTS2020_TrainingData/BraTS20_Training_100/BraTS20_Training_100_seg.nii,0.0,966.0
BraTS2020_TrainingData/MICCAI_BraTS2020_TrainingData/BraTS20_Training_088/BraTS20_Training_088_t2.nii,BraTS2020_TrainingData/MICCAI_BraTS2020_TrainingData/BraTS20_Training_088/BraTS20_Training_088_seg.nii,0.0,1485.0
BraTS2020_TrainingData/MICCAI_BraTS2020_TrainingData/BraTS20_Training_331/BraTS20_Training_331_t2.nii,BraTS2020_TrainingData/MICCAI_BraTS2020_TrainingData/BraTS20_Training_331/BraTS20_Training_331_seg.nii,0.0,656.0
BraTS2020_TrainingData/MICCAI_BraTS2020_TrainingData/BraTS20_Training_215/BraTS20_Training_215_t2.nii,BraTS2020_TrainingData/MICCAI_BraTS2020_TrainingData/BraTS20_Training_215/BraTS20_Training_215_seg.nii,0.0,390.0
BraTS2020_TrainingData/MICCAI_BraTS2020_TrainingData/BraTS20_Training_122/BraTS20_Training_122_t2.nii,BraTS2020_TrainingData/MICCAI_BraTS2020_TrainingData/BraTS20_Training_122/BraTS20_Training_122_seg.nii,0.0,862.0
BraTS2020_TrainingData/MICCAI_BraTS2020_TrainingData/BraTS20_Training_369/BraTS20_Training_369_t2.nii,BraTS2020_TrainingData/MICCAI_BraTS2020_TrainingData/BraTS20_Training_369/BraTS20_Training_369_seg.nii,0.0,2340.0
BraTS2020_TrainingData/MICCAI_BraTS2020_TrainingData/BraTS20_Training_021/BraTS20_Training_021_t2.nii,BraTS2020_TrainingData/MICCAI_BraTS2020_TrainingData/BraTS20_Training_021/BraTS20_Training_021_seg.nii,0.0,203.0
BraTS2020_TrainingData/MICCAI_BraTS2020_TrainingData/BraTS20_Training_189/BraTS20_Training_189_t2.nii,BraTS2020_TrainingData/MICCAI_BraTS2020_TrainingData/BraTS20_Training_189/BraTS20_Training_189_seg.nii,0.0,667.0
BraTS2020_TrainingData/MICCAI_BraTS2020_TrainingData/BraTS20_Training_072/BraTS20_Training_072_t2.nii,BraTS2020_TrainingData/MICCAI_BraTS2020_TrainingData/BraTS20_Training_072/BraTS20_Training_072_seg.nii,0.0,247.0
BraTS2020_TrainingData/MICCAI_BraTS2020_TrainingData/BraTS20_Training_107/BraTS20_Training_107_t2.nii,BraTS2020_TrainingData/MICCAI_BraTS2020_TrainingData/BraTS20_Training_107/BraTS20_Training_107_seg.nii,0.0,875.0
BraTS2020_TrainingData/MICCAI_BraTS2020_TrainingData/BraTS20_Training_271/BraTS20_Training_271_t2.nii,BraTS2020_TrainingData/MICCAI_BraTS2020_TrainingData/BraTS20_Training_271/BraTS20_Training_271_seg.nii,0.0,1279.0
BraTS2020_TrainingData/MICCAI_BraTS2020_TrainingData/BraTS20_Training_349/BraTS20_Training_349_t2.nii,BraTS2020_TrainingData/MICCAI_BraTS2020_TrainingData/BraTS20_Training_349/BraTS20_Training_349_seg.nii,0.0,1030.0
BraTS2020_TrainingData/MICCAI_BraTS2020_TrainingData/BraTS20_Training_103/BraTS20_Training_103_t2.nii,BraTS2020_TrainingData/MICCAI_BraTS2020_TrainingData/BraTS20_Training_103/BraTS20_Training_103_seg.nii,0.0,1712.0
